{"coverage": 96.80327868852459, "raw_data": {"meta": {"format": 2, "version": "7.4.1", "timestamp": "2024-01-31T09:25:50.303269", "branch_coverage": true, "show_contexts": false}, "files": {"fractal_client/__init__.py": {"executed_lines": [1], "summary": {"covered_lines": 1, "num_statements": 1, "percent_covered": 100.0, "percent_covered_display": "100", "missing_lines": 0, "excluded_lines": 0, "num_branches": 0, "num_partial_branches": 0, "covered_branches": 0, "missing_branches": 0}, "missing_lines": [], "excluded_lines": [], "executed_branches": [], "missing_branches": []}, "fractal_client/authclient.py": {"executed_lines": [1, 2, 4, 5, 6, 8, 11, 12, 13, 14, 15, 18, 21, 22, 25, 26, 32, 33, 34, 36, 37, 38, 39, 40, 42, 43, 47, 50, 51, 52, 57, 58, 61, 62, 65, 66, 67, 69, 70, 71, 72, 79, 80, 81, 85, 86, 87, 89, 90, 91, 92, 95, 96, 101, 102, 103, 104, 106, 107, 108, 109, 114, 116, 117, 119, 120, 121, 123, 124, 125, 127, 128, 129, 131, 132, 133], "summary": {"covered_lines": 76, "num_statements": 78, "percent_covered": 96.80851063829788, "percent_covered_display": "97", "missing_lines": 2, "excluded_lines": 0, "num_branches": 16, "num_partial_branches": 1, "covered_branches": 15, "missing_branches": 1}, "missing_lines": [82, 83], "excluded_lines": [], "executed_branches": [[14, 15], [14, 18], [15, -15], [15, 15], [15, 18], [37, -26], [37, 38], [37, 39], [50, 51], [50, 57], [66, -42], [66, 67], [70, 69], [70, 85], [80, 81], [90, 91], [90, 92]], "missing_branches": [[80, 82]]}, "fractal_client/client.py": {"executed_lines": [1, 15, 16, 17, 18, 19, 21, 22, 24, 25, 26, 27, 28, 29, 32, 33, 36, 49, 50, 57, 58, 67, 70, 71, 74, 77, 79, 87, 89, 90, 96, 99, 100, 102, 103, 104, 107, 108, 109, 112, 113, 114, 115, 116, 117, 125, 126, 128, 131, 137], "summary": {"covered_lines": 49, "num_statements": 58, "percent_covered": 83.75, "percent_covered_display": "84", "missing_lines": 9, "excluded_lines": 0, "num_branches": 22, "num_partial_branches": 4, "covered_branches": 18, "missing_branches": 4}, "missing_lines": [59, 66, 75, 93, 94, 132, 133, 134, 138], "excluded_lines": [], "executed_branches": [[49, 50], [49, 58], [58, 67], [74, 77], [79, -79], [79, 79], [79, 87], [89, 90], [102, 103], [102, 107], [103, 104], [103, 128], [112, 113], [112, 114], [112, 128], [114, 115], [114, 116], [116, 117], [116, 125], [137, -1]], "missing_branches": [[58, 59], [74, 75], [89, 93], [137, 138]]}, "fractal_client/cmd/__init__.py": {"executed_lines": [1, 3, 4, 5, 6, 7, 8, 9, 10, 11, 12, 13, 14, 15, 16, 17, 18, 19, 20, 21, 22, 23, 24, 25, 26, 27, 28, 29, 30, 31, 32, 33, 34, 35, 36, 37, 38, 39, 40, 41, 42, 43, 44, 45, 46, 49, 50, 53, 54, 57, 64, 65, 66, 67, 68, 69, 70, 71, 72, 73, 74, 75, 81, 82, 83, 84, 91, 92, 93, 94, 95, 96, 100, 103, 109, 110, 111, 112, 113, 114, 115, 116, 117, 118, 119, 120, 121, 122, 131, 132, 133, 134, 135, 136, 137, 138, 139, 140, 141, 142, 143, 144, 147, 150, 157, 158, 159, 160, 167, 168, 169, 170, 171, 172, 173, 174, 185, 186, 187, 188, 201, 202, 203, 204, 205, 206, 209, 212, 218, 219, 220, 221, 222, 223, 224, 225, 226, 227, 228, 229, 230, 231, 232, 233, 234, 235, 236, 237, 238, 239, 249, 250, 251, 252, 259, 260, 261, 262, 263, 264, 265, 266, 275, 276, 277, 278, 279, 280, 281, 282, 283, 284, 287, 290, 296, 297, 298, 299, 300, 301, 302, 303, 304, 305, 306, 307, 308, 309, 310, 311, 314, 317, 318, 319, 321, 332, 335, 336, 344, 345, 346, 347, 348, 349, 350, 351, 352, 353, 365, 366, 367, 368, 372], "summary": {"covered_lines": 213, "num_statements": 219, "percent_covered": 95.9866220735786, "percent_covered_display": "96", "missing_lines": 6, "excluded_lines": 0, "num_branches": 80, "num_partial_branches": 6, "covered_branches": 74, "missing_branches": 6}, "missing_lines": [98, 146, 208, 286, 313, 370], "excluded_lines": [], "executed_branches": [[54, -54], [54, -53], [54, 54], [64, 65], [64, 68], [68, 69], [68, 72], [72, 73], [72, 74], [74, 75], [74, 83], [83, 84], [83, 93], [93, 94], [109, 110], [109, 113], [113, 114], [113, 117], [117, 118], [117, 121], [121, 122], [121, 133], [133, 134], [133, 137], [137, 138], [137, 141], [141, 142], [157, 158], [157, 159], [159, 160], [159, 169], [169, 170], [169, 173], [173, 174], [173, 187], [187, 188], [187, 203], [203, 204], [218, 219], [218, 222], [222, 223], [222, 226], [226, 227], [226, 230], [230, 231], [230, 234], [234, 235], [234, 238], [238, 239], [238, 251], [251, 252], [251, 261], [261, 262], [261, 265], [265, 266], [265, 277], [277, 278], [277, 281], [281, 282], [296, 297], [296, 300], [300, 301], [300, 304], [304, 305], [304, 308], [308, 309], [335, 336], [335, 346], [346, 347], [346, 348], [348, 349], [348, 352], [352, 353], [352, 367], [367, 368]], "missing_branches": [[93, 98], [141, 146], [203, 208], [281, 286], [308, 313], [367, 370]]}, "fractal_client/cmd/_aux_task_caching.py": {"executed_lines": [1, 2, 3, 4, 6, 8, 9, 10, 12, 15, 30, 31, 32, 33, 36, 37, 41, 45, 48, 52, 53, 54, 57, 61, 69, 72, 76, 77, 78, 79, 82, 86, 87, 88, 89, 92, 102, 103, 104, 105, 106, 108, 110, 113, 118, 119, 128, 131, 146, 149, 151, 152, 153, 154, 159, 163, 164, 166, 167, 173, 174, 179, 182, 183, 188, 189, 190, 192, 200, 217, 218, 219, 220, 221, 222, 224, 225, 227, 228, 233, 234, 236, 239, 240, 245], "summary": {"covered_lines": 84, "num_statements": 84, "percent_covered": 100.0, "percent_covered_display": "100", "missing_lines": 0, "excluded_lines": 0, "num_branches": 35, "num_partial_branches": 0, "covered_branches": 35, "missing_branches": 0}, "missing_lines": [], "excluded_lines": [], "executed_branches": [[61, -61], [61, 61], [61, 69], [78, -72], [78, 79], [103, 104], [103, 108], [104, 105], [104, 106], [110, -110], [110, -92], [110, 110], [119, -119], [119, 119], [119, 128], [151, 152], [151, 163], [153, 154], [153, 159], [163, 164], [163, 166], [166, 167], [166, 173], [173, -173], [173, 173], [173, 174], [173, 179], [179, -179], [179, 179], [179, 182], [183, -183], [183, 183], [183, 188], [189, 190], [189, 192], [219, 220], [219, 224], [220, 221], [220, 222], [234, 236], [234, 239]], "missing_branches": []}, "fractal_client/cmd/_dataset.py": {"executed_lines": [1, 2, 4, 6, 7, 8, 9, 10, 11, 12, 15, 33, 34, 36, 37, 39, 40, 41, 43, 47, 48, 49, 51, 54, 63, 70, 71, 72, 74, 77, 84, 90, 91, 94, 107, 108, 109, 110, 111, 112, 113, 114, 115, 116, 117, 118, 119, 121, 124, 131, 132, 135, 138, 141, 143, 145, 146, 147, 148, 149, 150, 152, 159, 160, 161, 162, 163, 164, 165, 166, 169, 173, 176, 177, 180, 183, 187, 188, 191, 194, 198, 199], "summary": {"covered_lines": 82, "num_statements": 83, "percent_covered": 98.1651376146789, "percent_covered_display": "98", "missing_lines": 1, "excluded_lines": 0, "num_branches": 26, "num_partial_branches": 1, "covered_branches": 25, "missing_branches": 1}, "missing_lines": [122], "excluded_lines": [], "executed_branches": [[33, 34], [33, 36], [36, 37], [36, 39], [40, 41], [40, 43], [48, 49], [48, 51], [71, 72], [71, 74], [108, 109], [108, 110], [110, 111], [110, 112], [112, 113], [112, 116], [113, 114], [113, 115], [116, 117], [116, 118], [118, 119], [118, 121], [121, 124], [163, 164], [163, 165]], "missing_branches": [[121, 122]]}, "fractal_client/cmd/_job.py": {"executed_lines": [1, 2, 3, 4, 6, 8, 9, 10, 11, 12, 13, 14, 17, 29, 30, 31, 32, 34, 35, 37, 38, 39, 44, 48, 49, 51, 52, 53, 55, 56, 57, 58, 59, 60, 61, 63, 64, 65, 72, 75, 84, 85, 90, 96, 108, 109, 110, 125, 126, 127, 130, 131, 132, 133, 136, 138, 143, 150, 153], "summary": {"covered_lines": 59, "num_statements": 70, "percent_covered": 85.55555555555556, "percent_covered_display": "86", "missing_lines": 11, "excluded_lines": 0, "num_branches": 20, "num_partial_branches": 2, "covered_branches": 18, "missing_branches": 2}, "missing_lines": [97, 98, 101, 104, 105, 111, 115, 118, 121, 122, 154], "excluded_lines": [], "executed_branches": [[31, 32], [31, 34], [34, 35], [34, 37], [51, 52], [51, 55], [52, -52], [52, 52], [52, 53], [63, 64], [63, 72], [84, 85], [84, 90], [96, 108], [110, 125], [126, 127], [126, 130], [132, 133], [132, 136]],