{"coverage": 94.57831325301204, "raw_data": {"meta": {"format": 2, "version": "7.4.4", "timestamp": "2024-04-12T06:42:19.801502", "branch_coverage": true, "show_contexts": false}, "files": {"fractal_client/__init__.py": {"executed_lines": [1], "summary": {"covered_lines": 1, "num_statements": 1, "percent_covered": 100.0, "percent_covered_display": "100", "missing_lines": 0, "excluded_lines": 0, "num_branches": 0, "num_partial_branches": 0, "covered_branches": 0, "missing_branches": 0}, "missing_lines": [], "excluded_lines": [], "executed_branches": [], "missing_branches": []}, "fractal_client/authclient.py": {"executed_lines": [1, 2, 4, 5, 6, 8, 11, 12, 13, 14, 15, 18, 21, 22, 25, 26, 32, 33, 34, 36, 37, 38, 39, 40, 42, 43, 47, 50, 51, 52, 57, 58, 61, 62, 65, 66, 67, 69, 70, 71, 72, 79, 80, 81, 85, 86, 87, 89, 90, 91, 92, 95, 96, 101, 102, 103, 104, 106, 107, 108, 109, 114, 116, 117, 119, 120, 121, 123, 124, 125, 127, 128, 129, 131, 132, 133], "summary": {"covered_lines": 76, "num_statements": 78, "percent_covered": 96.73913043478261, "percent_covered_display": "97", "missing_lines": 2, "excluded_lines": 0, "num_branches": 14, "num_partial_branches": 1, "covered_branches": 13, "missing_branches": 1}, "missing_lines": [82, 83], "excluded_lines": [], "executed_branches": [[14, 15], [14, 18], [37, -26], [37, 38], [37, 39], [50, 51], [50, 57], [66, -42], [66, 67], [70, 69], [70, 85], [80, 81], [90, 91], [90, 92]], "missing_branches": [[80, 82]]}, "fractal_client/client.py": {"executed_lines": [1, 15, 16, 17, 18, 19, 21, 22, 24, 25, 26, 27, 28, 29, 32, 33, 36, 49, 50, 57, 58, 67, 70, 71, 74, 77, 79, 87, 89, 90, 96, 99, 100, 102, 103, 104, 107, 108, 109, 112, 113, 114, 115, 116, 117, 125, 126, 128, 131, 137], "summary": {"covered_lines": 49, "num_statements": 58, "percent_covered": 83.33333333333333, "percent_covered_display": "83", "missing_lines": 9, "excluded_lines": 0, "num_branches": 20, "num_partial_branches": 4, "covered_branches": 16, "missing_branches": 4}, "missing_lines": [59, 66, 75, 93, 94, 132, 133, 134, 138], "excluded_lines": [], "executed_branches": [[49, 50], [49, 58], [58, 67], [74, 77], [89, 90], [102, 103], [102, 107], [103, 104], [103, 128], [112, 113], [112, 114], [112, 128], [114, 115], [114, 116], [116, 117], [116, 125], [137, -1]], "missing_branches": [[58, 59], [74, 75], [89, 93], [137, 138]]}, "fractal_client/cmd/__init__.py": {"executed_lines": [1, 3, 4, 5, 6, 7, 8, 9, 10, 11, 12, 13, 14, 15, 16, 17, 18, 19, 20, 21, 22, 23, 24, 25, 26, 27, 28, 29, 30, 31, 32, 33, 34, 35, 36, 37, 38, 39, 40, 41, 44, 45, 48, 49, 52, 59, 60, 61, 62, 63, 64, 65, 66, 67, 68, 69, 70, 74, 75, 76, 77, 78, 79, 80, 81, 82, 83, 87, 90, 96, 97, 98, 99, 100, 101, 107, 108, 109, 110, 111, 112, 115, 118, 125, 126, 127, 128, 135, 136, 137, 138, 139, 140, 177, 180, 186, 187, 188, 189, 190, 191, 192, 193, 194, 195, 196, 197, 198, 199, 200, 201, 202, 203, 204, 205, 206, 207, 220, 221, 222, 223, 233, 234, 235, 236, 237, 238, 239, 240, 241, 242, 243, 244, 245, 246, 249, 252, 258, 259, 260, 261, 262, 263, 264, 265, 266, 267, 268, 269, 270, 271, 272, 273, 274, 275, 283, 284, 287, 290, 291, 292, 294, 305, 308, 309, 317, 318, 319, 320, 321, 322, 323, 324, 325, 326, 338, 339, 340, 341, 345], "summary": {"covered_lines": 180, "num_statements": 198, "percent_covered": 88.80597014925372, "percent_covered_display": "89", "missing_lines": 18, "excluded_lines": 0, "num_branches": 70, "num_partial_branches": 6, "covered_branches": 58, "missing_branches": 12}, "missing_lines": [85, 114, 141, 142, 153, 154, 155, 156, 169, 170, 171, 172, 173, 174, 176, 248, 286, 343], "excluded_lines": [], "executed_branches": [[59, 60], [59, 63], [63, 64], [63, 67], [67, 68], [67, 69], [69, 70], [69, 76], [76, 77], [76, 80], [80, 81], [96, 97], [96, 100], [100, 101], [100, 109], [109, 110], [125, 126], [125, 127], [127, 128], [127, 137], [137, 138], [186, 187], [186, 190], [190, 191], [190, 194], [194, 195], [194, 198], [198, 199], [198, 202], [202, 203], [202, 206], [206, 207], [206, 222], [222, 223], [222, 235], [235, 236], [235, 239], [239, 240], [239, 243], [243, 244], [258, 259], [258, 262], [262, 263], [262, 266], [266, 267], [266, 270], [270, 271], [270, 274], [274, 275], [308, 309], [308, 319], [319, 320], [319, 321], [321, 322], [321, 325], [325, 326], [325, 340], [340, 341]], "missing_branches": [[80, 85], [109, 114], [137, 141], [141, 142], [141, 155], [155, 156], [155, 171], [171, 172], [171, 176], [243, 248], [274, 286], [340, 343]]}, "fractal_client/cmd/_aux_task_caching.py": {"executed_lines": [1, 2, 3, 4, 6, 8, 9, 10, 12, 15, 30, 31, 32, 33, 36, 37, 41, 45, 48, 52, 53, 54, 57, 61, 69, 72, 76, 77, 78, 79, 82, 86, 87, 88, 89, 92, 102, 103, 104, 105, 106, 108, 110, 113, 118, 119, 128, 131, 146, 149, 151, 152, 153, 154, 159, 163, 164, 166, 167, 173, 174, 179, 182, 183, 188, 189, 190, 192, 200, 217, 218, 219, 220, 221, 222, 224, 225, 227, 228, 233, 234, 239, 240, 245], "summary": {"covered_lines": 83, "num_statements": 84, "percent_covered": 98.1981981981982, "percent_covered_display": "98", "missing_lines": 1, "excluded_lines": 0, "num_branches": 27, "num_partial_branches": 1, "covered_branches": 26, "missing_branches": 1}, "missing_lines": [236], "excluded_lines": [], "executed_branches": [[61, -61], [61, 61], [61, 69], [78, -72], [78, 79], [103, 104], [103, 108], [104, 105], [104, 106], [151, 152], [151, 163], [153, 154], [153, 159], [163, 164], [163, 166], [166, 167], [166, 173], [173, -173], [173, 173], [173, 174], [173, 179], [189, 190], [189, 192], [219, 220], [219, 224], [220, 221], [220, 222], [234, 239]], "missing_branches": [[234, 236]]}, "fractal_client/cmd/_dataset.py": {"executed_lines": [1, 2, 4, 5, 6, 7, 10, 26, 27, 29, 30, 31, 35, 39, 40, 41, 43, 46, 55, 56, 57, 58, 59, 60, 61, 63, 70, 71, 74, 77, 80, 83, 87, 90, 91], "summary": {"covered_lines": 35, "num_statements": 35, "percent_covered": 100.0, "percent_covered_display": "100", "missing_lines": 0, "excluded_lines": 0, "num_branches": 12, "num_partial_branches": 0, "covered_branches": 12, "missing_branches": 0}, "missing_lines": [], "excluded_lines": [], "executed_branches": [[26, 27], [26, 29], [29, 30], [29, 31], [40, 41], [40, 43], [56, 57], [56, 58], [58, 59], [58, 63], [59, 60], [59, 61]], "missing_branches": []}, "fractal_client/cmd/_job.py": {"executed_lines": [1, 2, 3, 4, 5, 7, 8, 9, 10, 13, 24, 25, 26, 27, 29, 32, 36, 37, 39, 40, 41, 43, 46, 55, 56, 61, 67, 79, 80, 81, 96, 97, 98, 101, 102, 103, 104, 107, 109, 112, 117, 120, 126, 138, 140, 141, 142, 143, 144, 145, 148, 150, 157, 159, 160, 162], "summary": {"covered_lines": 56, "num_statements": 67, "percent_covered": 85.71428571428571, "percent_covered_display": "86", "missing_lines": 11, "excluded_lines": 0, "num_branches": 24, "num_partial_branches": 2, "covered_branches": 22, "missing_branches": 2}, "missing_lines": [68, 69, 72, 75, 76, 82, 86, 89, 92, 93, 121], "excluded_lines": [], "executed_branches": [[26, 27], [26, 29], [39, 40], [39, 43], [40, -40], [40, 40], [40, 41], [55, 56], [55, 61], [67, 79], [81, 96], [97, 98], [97, 101], [103, 104], [103, 107], [140, 141], [140, 142], [142, 143], [142, 144], [144, 145], [144, 148], [159, 160], [159, 162]], "missing_branches": [[67, 68], [81, 82]]}, "fractal_client/cmd/_project.py": {"executed_lines": [1, 3, 4, 5, 6, 9, 16, 18, 19, 20, 21, 23, 26, 28, 29, 30, 33, 34, 35, 36, 39, 41, 42, 43, 46, 52, 53, 54, 56, 59, 60], "summary": {"covered_lines": 31, "num_statements": 31, "percent_covered": 100.0, "percent_covered_display": "100", "missing_lines": 0, "excluded_lines": 0, "num_branches": 4, "num_partial_branches": 0, "covered_branches": 4, "missing_branches": 0}, "missing_lines": [], "excluded_lines": [], "executed_branches": [[20, 21], [20, 23], [53, 54], [53, 56]], "missing_branches": []}, "fractal_client/cmd/_task.py": {"executed_lines": [1, 2, 3, 5, 6, 7, 8, 9, 12, 13, 14, 17, 29, 30, 31, 32, 33, 34, 35, 36, 49, 53, 54, 55, 56, 58, 61, 68, 71, 74, 76, 79, 83, 87], "summary": {"covered_lines": 34,