{"coverage": 95.66310496543055, "raw_data": {"meta": {"version": "7.3.2", "timestamp": "2023-10-16T12:20:33.855226", "branch_coverage": true, "show_contexts": false}, "files": {"fractal_client/__init__.py": {"executed_lines": [1], "summary": {"covered_lines": 1, "num_statements": 1, "percent_covered": 100.0, "percent_covered_display": "100", "missing_lines": 0, "excluded_lines": 0, "num_branches": 0, "num_partial_branches": 0, "covered_branches": 0, "missing_branches": 0}, "missing_lines": [], "excluded_lines": [], "executed_branches": [], "missing_branches": []}, "fractal_client/authclient.py": {"executed_lines": [1, 2, 4, 5, 6, 8, 11, 12, 15, 16, 22, 23, 24, 26, 27, 29, 30, 32, 33, 37, 40, 41, 42, 45, 49, 50, 53, 54, 57, 58, 59, 61, 62, 63, 64, 72, 73, 74, 78, 79, 80, 82, 83, 84, 85, 88, 89, 94, 95, 96, 97, 99, 100, 101, 106, 108, 109, 111, 112, 116, 117, 121, 122, 126, 127], "summary": {"covered_lines": 65, "num_statements": 70, "percent_covered": 90.2439024390244, "percent_covered_display": "90", "missing_lines": 5, "excluded_lines": 0, "num_branches": 12, "num_partial_branches": 3, "covered_branches": 9, "missing_branches": 3}, "missing_lines": [28, 43, 44, 75, 76], "excluded_lines": [], "executed_branches": [[27, 29], [40, 41], [40, 49], [58, -32], [58, 59], [62, 61], [62, 78], [73, 74], [83, 84], [83, 85]], "missing_branches": [[27, -16], [27, 28], [73, 75]]}, "fractal_client/client.py": {"executed_lines": [1, 15, 16, 17, 18, 19, 20, 22, 23, 25, 26, 27, 28, 29, 30, 33, 34, 37, 50, 51, 58, 59, 68, 71, 72, 75, 78, 80, 82, 83, 89, 92, 93, 95, 96, 97, 100, 101, 102, 105, 108, 109, 110, 111, 114, 117, 123], "summary": {"covered_lines": 46, "num_statements": 56, "percent_covered": 81.08108108108108, "percent_covered_display": "81", "missing_lines": 10, "excluded_lines": 0, "num_branches": 18, "num_partial_branches": 4, "covered_branches": 14, "missing_branches": 4}, "missing_lines": [60, 67, 76, 86, 87, 112, 118, 119, 120, 124], "excluded_lines": [], "executed_branches": [[50, 51], [50, 59], [59, 68], [75, 78], [82, 83], [95, 96], [95, 100], [96, 97], [96, 114], [105, 105], [105, 108], [105, 109], [105, 114], [109, 110], [109, 111], [123, -1]], "missing_branches": [[59, 60], [75, 76], [82, 86], [123, 124]]}, "fractal_client/cmd/__init__.py": {"executed_lines": [1, 3, 4, 5, 6, 7, 8, 9, 10, 11, 12, 13, 14, 15, 16, 17, 18, 19, 20, 21, 22, 23, 24, 25, 26, 27, 28, 29, 30, 31, 32, 33, 34, 35, 36, 37, 38, 39, 40, 41, 42, 43, 44, 45, 46, 47, 50, 51, 54, 55, 58, 65, 66, 67, 68, 69, 70, 71, 72, 73, 74, 75, 76, 82, 83, 84, 85, 92, 93, 94, 95, 96, 97, 101, 104, 110, 111, 112, 113, 114, 115, 116, 117, 118, 119, 120, 121, 122, 123, 132, 133, 134, 135, 136, 137, 138, 139, 140, 141, 142, 143, 144, 145, 148, 151, 158, 159, 160, 161, 168, 169, 170, 171, 172, 173, 174, 175, 186, 187, 188, 189, 202, 203, 204, 205, 206, 207, 210, 213, 219, 220, 221, 222, 223, 224, 225, 226, 227, 228, 229, 230, 231, 232, 233, 234, 235, 236, 237, 238, 239, 240, 250, 251, 252, 253, 260, 261, 262, 263, 264, 265, 266, 267, 276, 277, 278, 279, 280, 281, 282, 283, 284, 285, 288, 291, 297, 298, 299, 300, 301, 302, 303, 304, 305, 306, 307, 308, 309, 310, 311, 312, 315, 318, 319, 320, 322, 333, 336, 337, 345, 346, 347, 348, 349, 350, 351, 352, 353, 354, 364, 365, 366, 367, 368, 369, 370, 371, 375], "summary": {"covered_lines": 218, "num_statements": 224, "percent_covered": 96.07843137254902, "percent_covered_display": "96", "missing_lines": 6, "excluded_lines": 0, "num_branches": 82, "num_partial_branches": 6, "covered_branches": 76, "missing_branches": 6}, "missing_lines": [99, 147, 209, 287, 314, 373], "excluded_lines": [], "executed_branches": [[55, -55], [55, -54], [55, 55], [65, 66], [65, 69], [69, 70], [69, 73], [73, 74], [73, 75], [75, 76], [75, 84], [84, 85], [84, 94], [94, 95], [110, 111], [110, 114], [114, 115], [114, 118], [118, 119], [118, 122], [122, 123], [122, 134], [134, 135], [134, 138], [138, 139], [138, 142], [142, 143], [158, 159], [158, 160], [160, 161], [160, 170], [170, 171], [170, 174], [174, 175], [174, 188], [188, 189], [188, 204], [204, 205], [219, 220], [219, 223], [223, 224], [223, 227], [227, 228], [227, 231], [231, 232], [231, 235], [235, 236], [235, 239], [239, 240], [239, 252], [252, 253], [252, 262], [262, 263], [262, 266], [266, 267], [266, 278], [278, 279], [278, 282], [282, 283], [297, 298], [297, 301], [301, 302], [301, 305], [305, 306], [305, 309], [309, 310], [336, 337], [336, 347], [347, 348], [347, 349], [349, 350], [349, 353], [353, 354], [353, 366], [366, 367], [366, 370], [370, 371]], "missing_branches": [[94, 99], [142, 147], [204, 209], [282, 287], [309, 314], [370, 373]]}, "fractal_client/cmd/_aux_task_caching.py": {"executed_lines": [1, 2, 3, 4, 6, 8, 9, 10, 12, 15, 30, 31, 32, 33, 36, 37, 41, 45, 48, 52, 53, 54, 57, 61, 69, 72, 76, 77, 78, 79, 82, 86, 87, 88, 89, 92, 102, 103, 104, 105, 106, 108, 110, 113, 118, 119, 128, 131, 146, 149, 151, 152, 153, 154, 159, 163, 164, 166, 167, 173, 174, 179, 182, 183, 188, 189, 190, 192, 200, 217, 218, 219, 220, 221, 222, 224, 225, 227, 228, 233, 234, 236, 239, 240, 245], "summary": {"covered_lines": 84, "num_statements": 84, "percent_covered": 100.0, "percent_covered_display": "100", "missing_lines": 0, "excluded_lines": 0, "num_branches": 35, "num_partial_branches": 0, "covered_branches": 35, "missing_branches": 0}, "missing_lines": [], "excluded_lines": [], "executed_branches": [[61, -61], [61, 61], [61, 69], [78, -72], [78, 79], [103, 104], [103, 108], [104, 105], [104, 106], [110, -110], [110, -92], [110, 110], [119, -119], [119, 119], [119, 128], [151, 152], [151, 163], [153, 154], [153, 159], [163, 164], [163, 166], [166, 167], [166, 173], [173, -173], [173, 173], [173, 174], [173, 179], [179, -179], [179, 179], [179, 182], [183, -183], [183, 183], [183, 188], [189, 190], [189, 192], [219, 220], [219, 224], [220, 221], [220, 222], [234, 236], [234, 239]], "missing_branches": []}, "fractal_client/cmd/_dataset.py": {"executed_lines": [1, 2, 4, 6, 7, 8, 9, 10, 11, 12, 15, 33, 34, 36, 37, 39, 40, 41, 43, 47, 48, 49, 51, 54, 63, 70, 71, 72, 74, 77, 84, 90, 91, 94, 107, 108, 109, 110, 111, 112, 113, 114, 115, 116, 117, 118, 119, 121, 124, 128, 129, 132, 135, 138, 140, 142, 143, 144, 145, 146, 147, 149, 156, 157, 158, 159, 160, 161, 162, 163, 166, 170, 173, 174, 177, 180, 184, 185, 188, 191, 195, 196], "summary": {"covered_lines": 82, "num_statements": 83, "percent_covered": 98.1651376146789, "percent_covered_display": "98", "missing_lines": 1, "excluded_lines": 0, "num_branches": 26, "num_partial_branches": 1, "covered_branches": 25, "missing_branches": 1}, "missing_lines": [122], "excluded_lines": [], "executed_branches": [[33, 34], [33, 36], [36, 37], [36, 39], [40, 41], [40, 43], [48, 49], [48, 51], [71, 72], [71, 74], [108, 109], [108, 110], [110, 111], [110, 112], [112, 113], [112, 116], [113, 114], [113, 115], [116, 117], [116, 118], [118, 119], [118, 121], [121, 124], [160, 161], [160, 162]], "missing_branches": [[121, 122]]}, "fractal_client/cmd/_job.py": {"executed_lines": [1, 2, 3, 4, 6, 8, 9, 10, 11, 12, 13, 14, 17, 29, 32, 33, 34, 36, 37, 39, 40, 41, 46, 50, 51, 53, 54, 55, 57, 58, 59, 60, 61, 62, 63, 65, 66, 67, 74, 77, 86, 87, 92, 98, 110, 111, 112, 127, 128, 129, 132, 133, 134, 135, 138, 140, 145, 152, 155], "summary": {"covered_lines": 59, "num_statements": 70, "percent_covered": 85.55555555555556, "percent_covered_display": "86", "missing_lines": 11, "excluded_lines": 0, "num_branches": 20, "num_partial_branches": 2, "covered_branches": 18, "missing_branches": 2}, "missing_lines": [99, 100, 103, 106, 107, 113, 117, 120, 123, 124, 156], "excluded_lines": [], "executed_branches": [[33, 34], [33, 36], [36, 37], [36, 39], [53, 54], [53, 57], [54, -54], [54, 54], [54, 55], [65, 66], [65, 74], [86, 87], [86, 92], [98, 110], [112, 127], [128, 129], [128, 132], [134, 135], [134, 138]], "missing_branches": [[98, 99], [112, 113]]},