{"coverage": 95.50281074328545, "raw_data": {"meta": {"version": "7.3.1", "timestamp": "2023-10-02T09:50:24.600527", "branch_coverage": true, "show_contexts": false}, "files": {"fractal_client/__init__.py": {"executed_lines": [1], "summary": {"covered_lines": 1, "num_statements": 1, "percent_covered": 100.0, "percent_covered_display": "100", "missing_lines": 0, "excluded_lines": 0, "num_branches": 0, "num_partial_branches": 0, "covered_branches": 0, "missing_branches": 0}, "missing_lines": [], "excluded_lines": [], "executed_branches": [], "missing_branches": []}, "fractal_client/authclient.py": {"executed_lines": [1, 2, 4, 5, 6, 8, 11, 12, 15, 16, 22, 23, 24, 26, 27, 29, 30, 32, 33, 37, 40, 41, 42, 45, 49, 50, 53, 54, 57, 58, 59, 61, 62, 63, 64, 72, 73, 74, 78, 79, 80, 82, 83, 84, 85, 88, 89, 94, 95, 96, 97, 99, 100, 101, 106, 108, 109, 111, 112, 116, 117, 121, 122, 126, 127], "summary": {"covered_lines": 65, "num_statements": 70, "percent_covered": 90.2439024390244, "percent_covered_display": "90", "missing_lines": 5, "excluded_lines": 0, "num_branches": 12, "num_partial_branches": 3, "covered_branches": 9, "missing_branches": 3}, "missing_lines": [28, 43, 44, 75, 76], "excluded_lines": [], "executed_branches": [[27, 29], [40, 41], [40, 49], [58, -32], [58, 59], [62, 61], [62, 78], [73, 74], [83, 84], [83, 85]], "missing_branches": [[27, -16], [27, 28], [73, 75]]}, "fractal_client/client.py": {"executed_lines": [1, 15, 16, 17, 18, 19, 20, 22, 23, 25, 26, 27, 28, 29, 30, 33, 34, 37, 50, 51, 58, 59, 68, 71, 72, 75, 78, 80, 82, 83, 89, 92, 93, 95, 96, 97, 100, 101, 102, 105, 108, 109, 110, 111, 114, 117, 123], "summary": {"covered_lines": 46, "num_statements": 56, "percent_covered": 81.08108108108108, "percent_covered_display": "81", "missing_lines": 10, "excluded_lines": 0, "num_branches": 18, "num_partial_branches": 4, "covered_branches": 14, "missing_branches": 4}, "missing_lines": [60, 67, 76, 86, 87, 112, 118, 119, 120, 124], "excluded_lines": [], "executed_branches": [[50, 51], [50, 59], [59, 68], [75, 78], [82, 83], [95, 96], [95, 100], [96, 97], [96, 114], [105, 105], [105, 108], [105, 109], [105, 114], [109, 110], [109, 111], [123, -1]], "missing_branches": [[59, 60], [75, 76], [82, 86], [123, 124]]}, "fractal_client/cmd/__init__.py": {"executed_lines": [1, 3, 4, 5, 6, 7, 8, 9, 10, 11, 12, 13, 14, 15, 16, 17, 18, 19, 20, 21, 22, 23, 24, 25, 26, 27, 28, 29, 30, 31, 32, 33, 34, 35, 36, 37, 38, 39, 40, 41, 42, 43, 44, 45, 46, 47, 50, 51, 54, 55, 58, 65, 66, 67, 68, 69, 70, 71, 72, 73, 74, 75, 76, 82, 83, 84, 85, 86, 87, 88, 89, 90, 91, 95, 98, 104, 105, 106, 107, 108, 109, 110, 111, 112, 113, 114, 115, 116, 117, 126, 127, 128, 129, 130, 131, 132, 133, 134, 135, 136, 137, 138, 139, 142, 145, 152, 153, 154, 155, 162, 163, 164, 165, 166, 167, 168, 169, 180, 181, 182, 183, 196, 197, 198, 199, 200, 201, 204, 207, 213, 214, 215, 216, 217, 218, 219, 220, 221, 222, 223, 224, 225, 226, 227, 228, 229, 230, 231, 232, 233, 234, 244, 245, 246, 247, 254, 255, 256, 257, 258, 259, 260, 261, 270, 271, 272, 273, 274, 275, 276, 277, 278, 279, 282, 285, 291, 292, 293, 294, 295, 296, 297, 298, 299, 300, 301, 302, 303, 304, 305, 306, 309, 312, 313, 314, 316, 328, 331, 332, 340, 341, 342, 343, 344, 345, 346, 347, 348, 349, 359, 360, 361, 362, 363, 364, 365, 366, 370], "summary": {"covered_lines": 218, "num_statements": 224, "percent_covered": 96.07843137254902, "percent_covered_display": "96", "missing_lines": 6, "excluded_lines": 0, "num_branches": 82, "num_partial_branches": 6, "covered_branches": 76, "missing_branches": 6}, "missing_lines": [93, 141, 203, 281, 308, 368], "excluded_lines": [], "executed_branches": [[55, -55], [55, -54], [55, 55], [65, 66], [65, 69], [69, 70], [69, 73], [73, 74], [73, 75], [75, 76], [75, 84], [84, 85], [84, 88], [88, 89], [104, 105], [104, 108], [108, 109], [108, 112], [112, 113], [112, 116], [116, 117], [116, 128], [128, 129], [128, 132], [132, 133], [132, 136], [136, 137], [152, 153], [152, 154], [154, 155], [154, 164], [164, 165], [164, 168], [168, 169], [168, 182], [182, 183], [182, 198], [198, 199], [213, 214], [213, 217], [217, 218], [217, 221], [221, 222], [221, 225], [225, 226], [225, 229], [229, 230], [229, 233], [233, 234], [233, 246], [246, 247], [246, 256], [256, 257], [256, 260], [260, 261], [260, 272], [272, 273], [272, 276], [276, 277], [291, 292], [291, 295], [295, 296], [295, 299], [299, 300], [299, 303], [303, 304], [331, 332], [331, 342], [342, 343], [342, 344], [344, 345], [344, 348], [348, 349], [348, 361], [361, 362], [361, 365], [365, 366]], "missing_branches": [[88, 93], [136, 141], [198, 203], [276, 281], [303, 308], [365, 368]]}, "fractal_client/cmd/_aux_task_caching.py": {"executed_lines": [1, 2, 3, 4, 6, 8, 9, 10, 12, 15, 30, 31, 32, 33, 36, 37, 41, 45, 48, 52, 53, 54, 57, 61, 69, 72, 76, 77, 78, 79, 82, 86, 87, 88, 89, 92, 102, 103, 104, 105, 106, 108, 110, 113, 118, 119, 128, 131, 146, 149, 151, 152, 153, 154, 159, 163, 164, 166, 167, 173, 174, 179, 182, 183, 188, 189, 190, 192, 200, 217, 218, 219, 220, 221, 222, 224, 225, 227, 228, 233, 234, 236, 239, 240, 245], "summary": {"covered_lines": 84, "num_statements": 84, "percent_covered": 100.0, "percent_covered_display": "100", "missing_lines": 0, "excluded_lines": 0, "num_branches": 35, "num_partial_branches": 0, "covered_branches": 35, "missing_branches": 0}, "missing_lines": [], "excluded_lines": [], "executed_branches": [[61, -61], [61, 61], [61, 69], [78, -72], [78, 79], [103, 104], [103, 108], [104, 105], [104, 106], [110, -110], [110, -92], [110, 110], [119, -119], [119, 119], [119, 128], [151, 152], [151, 163], [153, 154], [153, 159], [163, 164], [163, 166], [166, 167], [166, 173], [173, -173], [173, 173], [173, 174], [173, 179], [179, -179], [179, 179], [179, 182], [183, -183], [183, 183], [183, 188], [189, 190], [189, 192], [219, 220], [219, 224], [220, 221], [220, 222], [234, 236], [234, 239]], "missing_branches": []}, "fractal_client/cmd/_dataset.py": {"executed_lines": [1, 2, 4, 6, 7, 8, 9, 10, 11, 12, 15, 31, 32, 34, 35, 37, 38, 39, 41, 45, 46, 47, 49, 52, 61, 68, 69, 70, 72, 75, 82, 88, 89, 92, 105, 106, 107, 108, 109, 110, 111, 112, 113, 114, 115, 116, 117, 119, 122, 126, 127, 130, 133, 136, 138, 140, 141, 142, 143, 144, 145, 147, 154, 155, 156, 157, 158, 159, 160, 161, 164, 168, 171, 172, 175, 178, 182, 183, 186, 189, 193, 194], "summary": {"covered_lines": 82, "num_statements": 83, "percent_covered": 98.1651376146789, "percent_covered_display": "98", "missing_lines": 1, "excluded_lines": 0, "num_branches": 26, "num_partial_branches": 1, "covered_branches": 25, "missing_branches": 1}, "missing_lines": [120], "excluded_lines": [], "executed_branches": [[31, 32], [31, 34], [34, 35], [34, 37], [38, 39], [38, 41], [46, 47], [46, 49], [69, 70], [69, 72], [106, 107], [106, 108], [108, 109], [108, 110], [110, 111], [110, 114], [111, 112], [111, 113], [114, 115], [114, 116], [116, 117], [116, 119], [119, 122], [158, 159], [158, 160]], "missing_branches": [[119, 120]]}, "fractal_client/cmd/_job.py": {"executed_lines": [1, 2, 3, 4, 6, 8, 9, 10, 11, 12, 13, 14, 17, 29, 32, 33, 34, 36, 37, 39, 40, 41, 46, 50, 51, 53, 54, 55, 57, 58, 59, 60, 61, 62, 63, 65, 66, 67, 74, 77, 86, 87, 92, 98, 110, 111, 112, 127, 128, 129, 132, 133, 134, 135, 138, 140, 145, 152, 155], "summary": {"covered_lines": 59, "num_statements": 70, "percent_covered": 85.55555555555556, "percent_covered_display": "86", "missing_lines": 11, "excluded_lines": 0, "num_branches": 20, "num_partial_branches": 2, "covered_branches": 18, "missing_branches": 2}, "missing_lines": [99, 100, 103, 106, 107, 113, 117, 120, 123, 124, 156], "excluded_lines": [], "executed_branches": [[33, 34], [33, 36], [36, 37], [36, 39], [53, 54], [53, 57], [54, -54], [54, 54], [54, 55], [65, 66], [65, 74], [86, 87], [86, 92], [98, 110], [112, 127], [128, 129], [128, 132], [134, 135], [134, 138]], "missing_branches": [[98, 99], [112, 113]]},