{"coverage": 95.77287066246056, "raw_data": {"meta": {"version": "7.3.4", "timestamp": "2023-12-21T13:38:30.788055", "branch_coverage": true, "show_contexts": false}, "files": {"fractal_client/__init__.py": {"executed_lines": [1], "summary": {"covered_lines": 1, "num_statements": 1, "percent_covered": 100.0, "percent_covered_display": "100", "missing_lines": 0, "excluded_lines": 0, "num_branches": 0, "num_partial_branches": 0, "covered_branches": 0, "missing_branches": 0}, "missing_lines": [], "excluded_lines": [], "executed_branches": [], "missing_branches": []}, "fractal_client/authclient.py": {"executed_lines": [1, 2, 4, 5, 6, 8, 11, 12, 15, 16, 22, 23, 24, 26, 27, 28, 29, 30, 32, 33, 37, 40, 41, 42, 45, 49, 50, 53, 54, 57, 58, 59, 61, 62, 63, 64, 72, 73, 74, 78, 79, 80, 82, 83, 84, 85, 88, 89, 94, 95, 96, 97, 99, 100, 101, 106, 108, 109, 111, 112, 116, 117, 121, 122, 126, 127], "summary": {"covered_lines": 66, "num_statements": 70, "percent_covered": 93.90243902439025, "percent_covered_display": "94", "missing_lines": 4, "excluded_lines": 0, "num_branches": 12, "num_partial_branches": 1, "covered_branches": 11, "missing_branches": 1}, "missing_lines": [43, 44, 75, 76], "excluded_lines": [], "executed_branches": [[27, -16], [27, 28], [27, 29], [40, 41], [40, 49], [58, -32], [58, 59], [62, 61], [62, 78], [73, 74], [83, 84], [83, 85]], "missing_branches": [[73, 75]]}, "fractal_client/client.py": {"executed_lines": [1, 15, 16, 17, 18, 19, 20, 22, 23, 25, 26, 27, 28, 29, 30, 33, 34, 37, 50, 51, 58, 59, 68, 71, 72, 75, 78, 80, 82, 83, 89, 92, 93, 95, 96, 97, 100, 101, 102, 105, 108, 109, 110, 111, 114, 117, 123], "summary": {"covered_lines": 46, "num_statements": 56, "percent_covered": 81.08108108108108, "percent_covered_display": "81", "missing_lines": 10, "excluded_lines": 0, "num_branches": 18, "num_partial_branches": 4, "covered_branches": 14, "missing_branches": 4}, "missing_lines": [60, 67, 76, 86, 87, 112, 118, 119, 120, 124], "excluded_lines": [], "executed_branches": [[50, 51], [50, 59], [59, 68], [75, 78], [82, 83], [95, 96], [95, 100], [96, 97], [96, 114], [105, 105], [105, 108], [105, 109], [105, 114], [109, 110], [109, 111], [123, -1]], "missing_branches": [[59, 60], [75, 76], [82, 86], [123, 124]]}, "fractal_client/cmd/__init__.py": {"executed_lines": [1, 3, 4, 5, 6, 7, 8, 9, 10, 11, 12, 13, 14, 15, 16, 17, 18, 19, 20, 21, 22, 23, 24, 25, 26, 27, 28, 29, 30, 31, 32, 33, 34, 35, 36, 37, 38, 39, 40, 41, 42, 43, 44, 45, 46, 49, 50, 53, 54, 57, 64, 65, 66, 67, 68, 69, 70, 71, 72, 73, 74, 75, 81, 82, 83, 84, 91, 92, 93, 94, 95, 96, 100, 103, 109, 110, 111, 112, 113, 114, 115, 116, 117, 118, 119, 120, 121, 122, 131, 132, 133, 134, 135, 136, 137, 138, 139, 140, 141, 142, 143, 144, 147, 150, 157, 158, 159, 160, 167, 168, 169, 170, 171, 172, 173, 174, 185, 186, 187, 188, 201, 202, 203, 204, 205, 206, 209, 212, 218, 219, 220, 221, 222, 223, 224, 225, 226, 227, 228, 229, 230, 231, 232, 233, 234, 235, 236, 237, 238, 239, 249, 250, 251, 252, 259, 260, 261, 262, 263, 264, 265, 266, 275, 276, 277, 278, 279, 280, 281, 282, 283, 284, 287, 290, 296, 297, 298, 299, 300, 301, 302, 303, 304, 305, 306, 307, 308, 309, 310, 311, 314, 317, 318, 319, 321, 332, 335, 336, 344, 345, 346, 347, 348, 349, 350, 351, 352, 353, 365, 366, 367, 368, 372], "summary": {"covered_lines": 213, "num_statements": 219, "percent_covered": 95.9866220735786, "percent_covered_display": "96", "missing_lines": 6, "excluded_lines": 0, "num_branches": 80, "num_partial_branches": 6, "covered_branches": 74, "missing_branches": 6}, "missing_lines": [98, 146, 208, 286, 313, 370], "excluded_lines": [], "executed_branches": [[54, -54], [54, -53], [54, 54], [64, 65], [64, 68], [68, 69], [68, 72], [72, 73], [72, 74], [74, 75], [74, 83], [83, 84], [83, 93], [93, 94], [109, 110], [109, 113], [113, 114], [113, 117], [117, 118], [117, 121], [121, 122], [121, 133], [133, 134], [133, 137], [137, 138], [137, 141], [141, 142], [157, 158], [157, 159], [159, 160], [159, 169], [169, 170], [169, 173], [173, 174], [173, 187], [187, 188], [187, 203], [203, 204], [218, 219], [218, 222], [222, 223], [222, 226], [226, 227], [226, 230], [230, 231], [230, 234], [234, 235], [234, 238], [238, 239], [238, 251], [251, 252], [251, 261], [261, 262], [261, 265], [265, 266], [265, 277], [277, 278], [277, 281], [281, 282], [296, 297], [296, 300], [300, 301], [300, 304], [304, 305], [304, 308], [308, 309], [335, 336], [335, 346], [346, 347], [346, 348], [348, 349], [348, 352], [352, 353], [352, 367], [367, 368]], "missing_branches": [[93, 98], [141, 146], [203, 208], [281, 286], [308, 313], [367, 370]]}, "fractal_client/cmd/_aux_task_caching.py": {"executed_lines": [1, 2, 3, 4, 6, 8, 9, 10, 12, 15, 30, 31, 32, 33, 36, 37, 41, 45, 48, 52, 53, 54, 57, 61, 69, 72, 76, 77, 78, 79, 82, 86, 87, 88, 89, 92, 102, 103, 104, 105, 106, 108, 110, 113, 118, 119, 128, 131, 146, 149, 151, 152, 153, 154, 159, 163, 164, 166, 167, 173, 174, 179, 182, 183, 188, 189, 190, 192, 200, 217, 218, 219, 220, 221, 222, 224, 225, 227, 228, 233, 234, 236, 239, 240, 245], "summary": {"covered_lines": 84, "num_statements": 84, "percent_covered": 100.0, "percent_covered_display": "100", "missing_lines": 0, "excluded_lines": 0, "num_branches": 35, "num_partial_branches": 0, "covered_branches": 35, "missing_branches": 0}, "missing_lines": [], "excluded_lines": [], "executed_branches": [[61, -61], [61, 61], [61, 69], [78, -72], [78, 79], [103, 104], [103, 108], [104, 105], [104, 106], [110, -110], [110, -92], [110, 110], [119, -119], [119, 119], [119, 128], [151, 152], [151, 163], [153, 154], [153, 159], [163, 164], [163, 166], [166, 167], [166, 173], [173, -173], [173, 173], [173, 174], [173, 179], [179, -179], [179, 179], [179, 182], [183, -183], [183, 183], [183, 188], [189, 190], [189, 192], [219, 220], [219, 224], [220, 221], [220, 222], [234, 236], [234, 239]], "missing_branches": []}, "fractal_client/cmd/_dataset.py": {"executed_lines": [1, 2, 4, 6, 7, 8, 9, 10, 11, 12, 15, 33, 34, 36, 37, 39, 40, 41, 43, 47, 48, 49, 51, 54, 63, 70, 71, 72, 74, 77, 84, 90, 91, 94, 107, 108, 109, 110, 111, 112, 113, 114, 115, 116, 117, 118, 119, 121, 124, 131, 132, 135, 138, 141, 143, 145, 146, 147, 148, 149, 150, 152, 159, 160, 161, 162, 163, 164, 165, 166, 169, 173, 176, 177, 180, 183, 187, 188, 191, 194, 198, 199], "summary": {"covered_lines": 82, "num_statements": 83, "percent_covered": 98.1651376146789, "percent_covered_display": "98", "missing_lines": 1, "excluded_lines": 0, "num_branches": 26, "num_partial_branches": 1, "covered_branches": 25, "missing_branches": 1}, "missing_lines": [122], "excluded_lines": [], "executed_branches": [[33, 34], [33, 36], [36, 37], [36, 39], [40, 41], [40, 43], [48, 49], [48, 51], [71, 72], [71, 74], [108, 109], [108, 110], [110, 111], [110, 112], [112, 113], [112, 116], [113, 114], [113, 115], [116, 117], [116, 118], [118, 119], [118, 121], [121, 124], [163, 164], [163, 165]], "missing_branches": [[121, 122]]}, "fractal_client/cmd/_job.py": {"executed_lines": [1, 2, 3, 4, 6, 8, 9, 10, 11, 12, 13, 14, 17, 29, 32, 33, 34, 36, 37, 39, 40, 41, 46, 50, 51, 53, 54, 55, 57, 58, 59, 60, 61, 62, 63, 65, 66, 67, 74, 77, 86, 87, 92, 98, 110, 111, 112, 127, 128, 129, 132, 133, 134, 135, 138, 140, 145, 152, 155], "summary": {"covered_lines": 59, "num_statements": 70, "percent_covered": 85.55555555555556, "percent_covered_display": "86", "missing_lines": 11, "excluded_lines": 0, "num_branches": 20, "num_partial_branches": 2, "covered_branches": 18, "missing_branches": 2}, "missing_lines": [99, 100, 103, 106, 107, 113, 117, 120, 123, 124, 156], "excluded_lines": [], "executed_branches": [[33, 34], [33, 36], [36, 37], [36, 39], [53, 54], [53, 57], [54, -54], [54, 54], [54, 55], [65, 66], [65, 74], [86, 87], [86, 92], [98, 110], [112, 127], [128, 129], [128, 132], [134, 135], [134, 138]], "missing_branches": [[98, 99], [112, 113]]},